country_text_id,year,v2smgovfilprc_osp,v2smgovfilprc_osp_codelow,v2smgovfilprc_osp_codehigh,v2smgovshut_osp,v2smgovshut_osp_codelow,v2smgovshut_osp_codehigh,v2mecenefi_osp,v2mecenefi_osp_codelow,v2mecenefi_osp_codehigh
AFG,2025,1.485,1.145,1.851,2.621,2.205,3.004,1.21,0.904,1.585
AGO,2025,3.119,2.838,3.343,3.631,3.451,3.875,2.539,2.347,2.76
ALB,2025,3.016,2.796,3.285,3.564,3.385,3.812,2.508,2.311,2.689
ARE,2025,0.251,0,0.424,2.791,2.467,3.099,0.996,0.651,1.321
ARG,2025,3.471,3.277,3.707,3.639,3.487,3.821,2.91,2.843,3
ARM,2025,3.492,3.255,3.745,3.911,3.847,4,2.946,2.893,3
AUS,2025,3.823,3.736,3.994,3.861,3.773,4,2.743,2.61,2.922
AUT,2025,3.707,3.579,3.989,3.966,3.93,4,2.967,2.933,3
AZE,2025,1.36,1.06,1.765,2.784,2.532,3.078,1.666,1.451,1.959
BDI,2025,3.324,3.019,3.806,3.474,3.226,3.866,2.44,2.177,2.921
BEL,2025,3.938,3.885,4,3.967,3.933,4,2.965,2.933,3
BEN,2025,3.64,3.489,3.978,3.848,3.731,4,2.948,2.894,3
BFA,2025,1.517,0.999,2.144,1.945,1.497,2.536,2.144,1.903,2.441
BGD,2025,2.622,2.401,2.867,3.634,3.449,3.858,1.988,1.763,2.197
BGR,2025,3.87,3.784,4,3.964,3.932,4,2.961,2.924,3
BHR,2025,1.018,0.708,1.403,2.531,2.255,2.872,2.108,1.946,2.291
BIH,2025,3.792,3.689,3.989,3.964,3.929,4,2.958,2.915,3
BLR,2025,0.609,0.202,0.888,1.369,0.713,1.833,0.874,0.544,1.208
BOL,2025,3.171,2.992,3.362,3.903,3.847,4,2.81,2.704,3
BRA,2025,3.421,3.134,3.822,3.951,3.903,4,2.943,2.895,3
BRB,2025,3.557,3.355,3.838,3.974,3.942,4,2.944,2.896,3
BTN,2025,1.927,1.609,2.298,2.566,2.294,2.906,1.939,1.743,2.129
BWA,2025,3.764,3.658,3.974,3.962,3.921,4,2.955,2.912,3
CAF,2025,2.873,2.576,3.161,3.715,3.57,3.916,2.225,1.979,2.514
CAN,2025,3.38,3.109,3.664,3.929,3.871,4,2.967,2.933,3
CHE,2025,3.907,3.842,4,3.963,3.925,4,2.977,2.954,3
CHL,2025,3.57,3.366,3.861,3.968,3.935,4,2.911,2.849,3
CHN,2025,0.417,0.044,0.615,2.885,2.513,3.251,0.246,0.028,0.369
CIV,2025,1.767,1.444,2.108,3.965,3.925,4,2.376,2.107,2.858
CMR,2025,2.983,2.667,3.258,2.328,1.978,2.696,1.792,1.514,2.102
COD,2025,2.396,1.837,2.914,3.004,2.721,3.388,2.332,2.001,2.796
COG,2025,1.116,0.544,1.603,2.753,2.295,3.136,0.876,0.455,1.263
COL,2025,2.771,2.247,3.414,3.951,3.898,4,2.9,2.825,3
COM,2025,3.101,2.781,3.601,3.372,3.127,3.721,2.657,2.502,2.92
CPV,2025,3.676,3.523,3.925,3.828,3.741,3.999,2.977,2.95,3
CRI,2025,3.539,3.336,3.791,3.965,3.929,4,2.977,2.952,3
CUB,2025,0.816,0.328,1.165,2.167,1.703,2.719,1.266,1.001,1.598
CYP,2025,3.889,3.797,4,3.972,3.94,4,2.965,2.929,3
CZE,2025,3.415,3.184,3.653,3.855,3.782,4,2.945,2.898,3
DEU,2025,3.028,2.831,3.244,3.967,3.93,4,2.767,2.669,2.952
DJI,2025,2.107,1.796,2.429,3.062,2.804,3.319,0.875,0.525,1.291
DNK,2025,3.886,3.81,4,3.959,3.916,4,2.971,2.94,3
DOM,2025,3.432,3.124,3.728,3.956,3.908,4,2.953,2.905,3
DZA,2025,0.241,0,0.402,2.227,1.951,2.624,1.231,0.941,1.615
ECU,2025,2.528,2.149,2.955,3.819,3.725,4,2.437,2.216,2.68
EGY,2025,1.093,0.59,1.576,3.412,3.083,3.682,1.47,1.278,1.733
ERI,2025,0.494,0.104,0.713,2.108,1.677,2.544,0.617,0.136,0.917
ESP,2025,3.789,3.689,3.999,3.979,3.952,4,2.964,2.926,3
EST,2025,3.869,3.794,4,3.966,3.93,4,2.877,2.801,3
ETH,2025,0.236,0,0.364,1.963,1.662,2.324,1.405,1.069,1.685
FIN,2025,3.884,3.793,4,3.954,3.901,4,2.748,2.635,3
FJI,2025,3.093,2.734,3.552,3.27,2.935,3.703,2.469,2.227,2.837
FRA,2025,3.48,3.245,3.668,3.894,3.828,4,2.789,2.678,2.952
GAB,2025,3.024,2.642,3.404,3.478,3.247,3.764,2.767,2.668,2.999
GBR,2025,3.654,3.5,3.934,3.957,3.914,4,2.608,2.411,2.812
GEO,2025,2.731,2.435,3.028,3.948,3.89,4,2.893,2.824,3
GHA,2025,3.639,3.478,3.918,3.916,3.852,4,2.902,2.833,3
GIN,2025,2.145,1.399,2.941,1.567,0.989,2.169,1.227,0.83,1.603
GMB,2025,3.771,3.673,3.997,3.918,3.855,4,2.724,2.595,2.942
GNB,2025,2.213,1.751,2.743,2.719,2.373,3.036,2.778,2.667,2.999
GNQ,2025,1.538,1.142,1.938,2.521,2.247,2.925,0.941,0.482,1.385
GRC,2025,3.442,3.229,3.641,3.966,3.926,4,2.927,2.873,3
GTM,2025,3.754,3.642,3.994,3.959,3.914,4,2.942,2.884,3
GUY,2025,3.161,2.856,3.501,3.952,3.899,4,2.784,2.655,3
HKG,2025,1.632,1.304,2.066,3.604,3.417,3.797,1.977,1.721,2.242
HND,2025,3.824,3.708,4,3.956,3.912,4,2.936,2.87,3
HRV,2025,3.735,3.617,3.98,3.89,3.818,4,2.84,2.767,3
HTI,2025,3.852,3.752,4,3.904,3.832,4,2.819,2.732,3
HUN,2025,3.299,3.056,3.577,3.965,3.927,4,2.498,2.317,2.691
IDN,2025,3.159,2.807,3.595,3.636,3.464,3.936,2.444,2.241,2.675
IND,2025,1.738,1.473,1.997,1.837,1.511,2.232,2.009,1.837,2.148
IRL,2025,3.902,3.824,4,3.958,3.915,4,2.968,2.934,3
IRN,2025,0.507,0.187,0.733,1.596,1.174,2.004,0.617,0.227,0.921
IRQ,2025,2.937,2.683,3.184,2.926,2.646,3.182,2.147,1.889,2.414
ISL,2025,3.845,3.746,4,3.949,3.891,4,2.962,2.923,3
ISR,2025,3.278,3.011,3.589,3.755,3.633,4,2.792,2.697,2.993
ITA,2025,3.6,3.395,3.812,3.941,3.895,4,2.969,2.932,3
JAM,2025,3.839,3.732,4,3.945,3.894,4,2.969,2.935,3
JOR,2025,2.031,1.711,2.353,2.905,2.627,3.187,2.026,1.813,2.263
JPN,2025,3.71,3.578,3.968,3.968,3.93,4,2.962,2.929,3
KAZ,2025,1.412,1.008,1.771,2.32,2,2.7,1.224,0.827,1.642
KEN,2025,3.229,3.042,3.435,3.914,3.842,4,2.737,2.616,2.971
KGZ,2025,1.906,1.548,2.354,3.711,3.581,3.992,1.901,1.606,2.232
KHM,2025,0.667,0.256,0.961,3.598,3.451,3.804,1.831,1.484,2.214
KOR,2025,3.594,3.403,3.884,3.972,3.942,4,2.386,2.245,2.555
KWT,2025,2.366,2.026,2.741,3.758,3.649,3.955,2.113,1.925,2.298
LAO,2025,1.717,1.416,2.155,3.918,3.845,4,1.697,1.367,2.07
LBN,2025,2.971,2.748,3.239,3.088,2.833,3.408,2.607,2.467,2.81
LBR,2025,3.213,2.913,3.551,3.617,3.415,4,2.575,2.424,2.805
LBY,2025,3.091,2.875,3.334,2.176,1.704,2.647,2.634,2.465,2.934
LKA,2025,2.544,2.212,2.848,3.925,3.857,4,2.422,2.212,2.712
LSO,2025,3.566,3.343,3.815,3.892,3.812,4,2.924,2.862,3
LTU,2025,3.921,3.856,4,3.952,3.906,4,2.777,2.681,2.999
LUX,2025,3.918,3.842,4,3.954,3.907,4,2.946,2.89,3
LVA,2025,3.881,3.801,4,3.96,3.922,4,2.948,2.903,3
MAR,2025,2.119,1.843,2.473,2.521,2.26,2.914,2.624,2.438,2.902
MDA,2025,2.229,1.808,2.759,3.958,3.914,4,2.04,1.706,2.462
MDG,2025,3.12,2.871,3.356,3.796,3.697,3.961,2.875,2.81,3
MDV,2025,2.768,2.497,3.151,3.308,2.977,3.722,1.822,1.514,2.139
MEX,2025,3.722,3.567,3.927,3.918,3.86,4,2.95,2.897,3
MKD,2025,3.202,2.989,3.376,3.947,3.904,4,2.936,2.886,3
MLI,2025,2.63,2.114,3.181,2.854,2.608,3.203,2.418,2.202,2.742
MLT,2025,3.717,3.595,4,3.961,3.915,4,2.956,2.912,3
MMR,2025,1.223,0.825,1.546,1.064,0.631,1.429,0.964,0.496,1.343
MNE,2025,3.772,3.662,4,3.963,3.922,4,2.937,2.878,3
MNG,2025,3.328,3.087,3.678,3.923,3.848,4,2.478,2.236,2.787
MOZ,2025,2.939,2.636,3.184,2.616,2.272,2.916,0.992,0.566,1.376
MRT,2025,2.657,2.24,3.145,3.208,2.888,3.692,2.231,1.928,2.603
MUS,2025,3.512,3.298,3.829,3.687,3.544,3.95,2.835,2.745,3
MWI,2025,3.497,3.262,3.781,3.959,3.908,4,2.271,2.062,2.559
MYS,2025,2.867,2.571,3.117,3.826,3.73,3.999,2.193,2.015,2.387
NAM,2025,3.407,3.178,3.712,3.889,3.806,4,2.942,2.882,3
NER,2025,2.566,2.168,3.083,3.896,3.821,4,2.534,2.335,2.7
NGA,2025,1.729,1.351,2.152,3.835,3.753,3.999,2.534,2.394,2.662
NIC,2025,0.441,0.036,0.641,2.477,2.082,2.924,0.192,0.001,0.316
NLD,2025,3.745,3.627,3.983,3.857,3.77,4,2.969,2.937,3
NOR,2025,3.908,3.834,4,3.954,3.904,4,2.967,2.932,3
NPL,2025,2.999,2.706,3.396,3.179,2.888,3.432,2.473,2.272,2.802
NZL,2025,3.564,3.35,3.834,3.968,3.934,4,2.964,2.925,3
OMN,2025,1.298,0.943,1.702,2.987,2.792,3.202,1.061,0.789,1.293
PAK,2025,1.7,1.279,2.075,2.13,1.699,2.662,1.921,1.654,2.204
PAN,2025,3.309,3.05,3.651,3.748,3.609,3.951,2.949,2.897,3
PER,2025,3.821,3.723,3.999,3.924,3.86,4,2.828,2.734,3
PHL,2025,3.089,2.766,3.4,3.269,2.989,3.583,2.374,2.167,2.538
PNG,2025,2.956,2.702,3.211,3.518,3.311,3.797,2.94,2.882,3
POL,2025,3.565,3.356,3.789,3.846,3.761,4,2.938,2.886,3
PRK,2025,0.104,0,0.198,0.696,0.235,1.003,0.292,0,0.444
PRT,2025,3.863,3.776,4,3.951,3.896,4,2.981,2.961,3
PRY,2025,3.827,3.726,4,3.922,3.861,4,2.862,2.772,3
PSE,2025,2.065,1.591,2.486,3.791,3.701,3.994,2.087,1.82,2.371
PSG,2025,3.162,2.831,3.479,3.922,3.854,4,2.377,2.142,2.675
QAT,2025,1.034,0.667,1.395,2.631,2.348,2.907,1.756,1.532,1.979
ROU,2025,3.62,3.439,3.941,3.954,3.907,4,2.972,2.939,3
RUS,2025,0.956,0.593,1.375,1.772,1.431,2.166,0.559,0.191,0.815
RWA,2025,1.414,0.956,1.85,3.707,3.574,3.958,1.791,1.424,2.272
SAU,2025,0.249,0,0.405,2.155,1.821,2.595,1.477,1.248,1.715
SDN,2025,0.702,0.356,1.005,0.497,0.088,0.727,0.809,0.462,1.149
SEN,2025,2.263,1.891,2.623,2.789,2.584,3.061,2.033,1.598,2.347
SGP,2025,2.095,1.719,2.551,3.918,3.848,4,2.217,2.058,2.412
SLB,2025,3.667,3.518,3.993,3.851,3.764,4,2.793,2.694,2.999
SLE,2025,3.331,3.094,3.638,3.512,3.274,3.74,2.511,2.319,2.74
SLV,2025,3.619,3.455,3.953,3.968,3.932,4,2.707,2.569,2.947
SML,2025,3.409,3.105,3.854,3.81,3.689,4,2.397,2.142,2.755
SOM,2025,2.481,2.136,2.955,2.885,2.533,3.369,2.582,2.375,2.876
SRB,2025,3.034,2.844,3.221,3.959,3.916,4,2.781,2.672,2.956
SSD,2025,1.377,1.025,1.895,1.024,0.517,1.444,,,
STP,2025,3.774,3.661,3.984,3.896,3.833,4,2.868,2.802,2.998
SUR,2025,2.441,2.054,2.837,3.961,3.917,4,2.942,2.885,3
SVK,2025,3.878,3.798,4,3.961,3.923,4,2.889,2.813,3
SVN,2025,3.878,3.799,4,3.965,3.928,4,2.975,2.949,3
SWE,2025,3.845,3.757,4,3.968,3.932,4,2.976,2.951,3
SWZ,2025,2.675,2.399,3.008,2.167,1.812,2.587,0.764,0.31,1.096
SYC,2025,3.879,3.789,4,3.812,3.718,4,2.947,2.893,3
SYR,2025,1.948,1.653,2.327,3.112,2.683,3.607,1.555,1.074,2.068
TCD,2025,2.003,1.49,2.484,1.812,1.353,2.273,1.899,1.36,2.426
TGO,2025,0.84,0.3,1.207,2.095,1.716,2.534,1.873,1.722,2.066
THA,2025,1.901,1.625,2.195,3.791,3.702,3.996,1.956,1.721,2.226
TJK,2025,0.855,0.549,1.173,1.365,0.883,1.776,0.725,0.405,1.051
TKM,2025,0.296,0.03,0.443,1.208,0.78,1.585,0.163,0,0.265
TLS,2025,3.671,3.519,3.955,3.858,3.784,4,2.356,2.168,2.54
TTO,2025,3.814,3.715,4,3.969,3.936,4,2.97,2.934,3
TUN,2025,3.08,2.822,3.291,3.821,3.729,4,2.747,2.624,2.943
TUR,2025,0.985,0.624,1.302,2.738,2.297,3.288,1.67,1.486,1.869
TWN,2025,3.344,3.081,3.617,3.838,3.757,3.999,2.754,2.625,2.966
TZA,2025,1.208,0.706,1.765,3.103,2.788,3.434,2.527,2.318,2.871
UGA,2025,1.51,1.25,1.836,2.565,2.294,2.861,1.675,1.452,1.958
UKR,2025,2.372,2.109,2.631,3.309,3.072,3.63,2.012,1.775,2.274
URY,2025,3.884,3.8,4,3.963,3.927,4,2.948,2.894,3
USA,2025,3.616,3.438,3.934,3.822,3.744,3.99,2.929,2.874,3
UZB,2025,1.472,1.213,1.764,2.409,2.192,2.655,0.591,0.198,0.833
VEN,2025,0.846,0.485,1.218,2.424,2.01,2.857,1.382,1.177,1.639
VNM,2025,0.476,0.102,0.72,3.796,3.704,3.997,1.383,1.121,1.704
VUT,2025,3.756,3.639,3.998,3.966,3.929,4,2.953,2.904,3
XKX,2025,3.625,3.422,3.866,3.882,3.811,4,2.89,2.81,3
YEM,2025,1.406,1.048,1.736,2.321,1.965,2.644,1.252,0.906,1.542
ZAF,2025,3.302,3.005,3.552,3.898,3.823,4,2.879,2.803,3
ZMB,2025,3.24,2.96,3.558,3.972,3.938,4,2.508,2.365,2.658
ZWE,2025,2.574,2.245,2.852,3.178,2.928,3.408,2.342,2.132,2.647
ZZB,2025,2.006,1.467,2.561,3.096,2.726,3.598,2.569,2.361,2.829
